{
  "nav.home": "Home",
  "nav.education": "Study Abroad",
  "nav.academy": "Academy",
  "nav.contact": "Contact",
  "nav.cta": "Apply",
  "hero.badge.new": "New",
  "hero.badge.title": "Scholarship Programs",
  "hero.heading": "Start your study abroad journey with professional support.",
  "hero.subtitle": "Specialty selection, documentation, and visa support — all in one center.",
  "hero.cta": "Apply Now",
  "results.badge": "- RESULTS",
  "results.title": "Trusted outcomes in the study abroad process.",
  "results.desc": "We professionally manage applications, documentation, and visa processes abroad, helping hundreds of students reach their global academic goals.",
  "results.stat1.label": "Applications completed successfully",
  "results.stat2.label": "High success rate in visa approvals",
  "results.stat3.label": "International academic partners",
  "results.stat4.label": "Students served by our services",
  "services.badge": "- EXPLORE",
  "services.title": "Our Services",
  "services.card1.title": "Study Abroad",
  "services.card1.desc": "We provide expert advice and application support for country, university, and program selection.",
  "services.card2.title": "Professional Training Programs",
  "services.card2.desc": "We support your academic and professional growth with internationally certified training.",
  "services.card3.title": "Visa Services",
  "services.card3.desc": "Full assistance with visa applications, documentation, and interview preparation.",
  "services.card4.title": "Language Courses",
  "services.card4.desc": "Intensive and effective programs to improve your foreign language skills.",
  "study.badge": "- BACHELOR / MASTER / PHD",
  "study.title": "Study abroad",
  "study.tab.bachelor": "Bachelor degree",
  "study.tab.master": "Master Degree",
  "study.tab.phd": "PHD",
  "study.card1.title": "WSB University",
  "study.card1.desc": "Computer Science - A discipline focused on computing systems, programming, and the processing of information.",
  "study.card1.location": "Poland, Krakow",
  "study.card1.due": "Due: Jan 31, 2026 — 23:00 CET (Summer intake)",
  "study.card2.title": "Vistula University",
  "study.card2.desc": "International relations - A field that studies political and diplomatic interactions between states and international organizations.",
  "study.card2.location": "Poland, Warsaw",
  "study.card2.due": "Due: Jan 31, 2026 — 23:00 CET (Summer intake)",
  "study.card3.title": "WSB University",
  "study.card3.desc": "Engineering of Management - Combines engineering methods with management skills to optimize processes and operations.",
  "study.card3.location": "Poland, Krakow",
  "study.card3.due": "Due: Jan 31, 2026 — 23:00 CET (Summer intake)",
  "study.card4.title": "Riga Nordic University",
  "study.card4.desc": "Business Administration - Focuses on managing business operations, including finance, marketing, and organizational leadership.",
  "study.card4.location": "Latvia, Riga",
  "study.card4.due": "Due: Jan 31, 2026 — 23:00 CET (Summer intake)",
  "study.card5.title": "Vistula University",
  "study.card5.desc": "Management - A field that focuses on planning, organizing, and overseeing operations within businesses and organizations.",
  "study.card5.location": "Poland, Warsaw",
  "study.card5.due": "Due: Jan 31, 2026 — 23:00 CET (Summer intake)",
  "study.card6.title": "Riga Nordic University",
  "study.card6.desc": "Information Systems - Focuses on managing business operations, including finance, marketing, and organizational leadership.",
  "study.card6.location": "Latvia, Riga",
  "study.card6.due": "Due: Jan 31, 2026 — 23:00 CET (Summer intake)",
  "study.card7.title": "Vistula University",
  "study.card7.desc": "International relations - A field that studies political and diplomatic interactions between states and international organizations.",
  "study.card7.location": "Poland, Warsaw",
  "study.card7.due": "Due: Jan 31, 2026 — 23:00 CET (Summer intake)",
  "study.card8.title": "Berlin Tech",
  "study.card8.desc": "Cybersecurity - Protecting digital infrastructure with modern security engineering and policy.",
  "study.card8.location": "Germany, Berlin",
  "study.card8.due": "Due: Jan 31, 2026 — 23:00 CET (Summer intake)",
  "study.card9.title": "Technical University of Munich",
  "study.card9.desc": "Engineering Management - Leading technical teams with business strategy and technology integration.",
  "study.card9.location": "Germany, Munich",
  "study.card9.due": "Due: Apr 5, 2026 — 18:00 CET (Summer intake)",
  "study.card10.title": "University College London",
  "study.card10.desc": "Public Policy - Designing evidence-based policy through research and stakeholder collaboration.",
  "study.card10.location": "UK, London",
  "study.card10.due": "Due: Apr 10, 2026 — 17:00 GMT (Spring intake)",
  "study.card11.title": "University of Glasgow",
  "study.card11.desc": "Data Analytics - Transforming organizations with predictive modeling and BI.",
  "study.card11.location": "UK, Glasgow",
  "study.card11.due": "Due: Apr 20, 2026 — 16:00 GMT (Spring intake)",
  "study.card12.title": "Ghent University",
  "study.card12.desc": "Industrial Engineering - Designing efficient systems with sustainability in mind.",
  "study.card12.location": "Belgium, Ghent",
  "study.card12.due": "Due: Apr 25, 2026 — 18:00 CET (Summer intake)",
  "study.card13.title": "Riga Nordic University",
  "study.card13.desc": "Business Administration - Focuses on managing business operations, including finance, marketing, and organizational leadership.",
  "study.card13.location": "Latvia, Riga",
  "study.card13.due": "Due: Jan 31, 2026 — 23:00 CET (Summer intake)",
  "study.card14.title": "WSB University",
  "study.card14.desc": "Engineering of Management - Combines engineering methods with management skills to optimize processes and operations.",
  "study.card14.location": "Poland, Krakow",
  "study.card14.due": "Due: Jan 31, 2026 — 23:00 CET (Summer intake)",
  "study.card15.title": "ETH Zurich",
  "study.card15.desc": "Computer Science (PhD) - Researching scalable systems, AI, and distributed computing.",
  "study.card15.location": "Switzerland, Zurich",
  "study.card15.due": "Due: May 2, 2026 — 18:00 CET (Spring intake)",
  "study.card16.title": "University of Oxford",
  "study.card16.desc": "Law (PhD) - Deep dives into comparative, international, and human rights law.",
  "study.card16.location": "UK, Oxford",
  "study.card16.due": "Due: May 10, 2026 — 18:00 GMT (Spring intake)",
  "study.card17.title": "Sorbonne University",
  "study.card17.desc": "Environmental Science (PhD) - Researching climate modeling and sustainability policies.",
  "study.card17.location": "France, Paris",
  "study.card17.due": "Due: May 15, 2026 — 18:00 CET (Summer intake)",
  "study.card18.title": "McGill University",
  "study.card18.desc": "Biomedical Engineering (PhD) - Advancing medical devices with robotics and biomaterials.",
  "study.card18.location": "Canada, Montreal",
  "study.card18.due": "Due: May 20, 2026 — 18:00 EST (Summer intake)",
  "study.yearly": "yearly",
  "study.apply": "Apply",
  "visa.badge": "– SUPPORT",
  "visa.title": "Visa services",
  "visa.card1.subtitle": "Study Abroad",
  "visa.card1.title": "Student Visa",
  "visa.card1.text": "Full support for obtaining student visas to universities and programs abroad. We prepare documents, complete application forms, and track the process professionally.",
  "visa.card2.subtitle": "Travel & Tourism",
  "visa.card2.title": "Tourist Visa",
  "visa.card2.text": "We guide you through Schengen short-stay visas for travel, training, and business trips, ensuring documents, insurance, and proofs are correctly prepared.",
  "visa.card3.subtitle": "International Career",
  "visa.card3.title": "Work Visa",
  "visa.card3.text": "Step-by-step management of work visa applications, from job offer confirmation to documentation, translations, and application tracking.",
  "visa.card4.subtitle": "Family Reunification",
  "visa.card4.title": "Family Reunion Visa",
  "visa.card4.text": "Complete legal and technical assistance for family reunification visa applications, simplifying proof of relationships and consular requirements.",
  "tech.badge": "- PERSONAL DEVELOPMENT",
  "tech.title": "Training Programs",
  "tech.tab.tech": "IT & Technical Skills",
  "tech.tab.language": "Language Courses",
  "tech.card1.chip": "DevOps",
  "tech.card1.title": "DevOps Engineering Course – CI/CD and Cloud basics",
  "tech.card1.desc": "Learn the fundamentals of pipelines, automation, and cloud basics to deploy reliably.",
  "tech.card2.chip": "UI/UX Design",
  "tech.card2.title": "UX/UI Design Course – User experience and interface design",
  "tech.card2.desc": "Learn research, wireframing, prototyping, and handoff for modern digital products.",
  "tech.card3.chip": "Q/A Assurance",
  "tech.card3.title": "QA Training – Manual and automated testing",
  "tech.card3.desc": "Build testing discipline with manual, automated, and CI-integrated quality workflows.",
  "tech.card4.chip": "Back-end Programming",
  "tech.card4.title": "Back-end Programming – Python/Node.js, SQL",
  "tech.card4.desc": "Design APIs, work with databases, and ship scalable services in production.",
  "tech.card5.chip": "Front-end Programming",
  "tech.card5.title": "Front-end Programming – HTML, CSS, JS, React",
  "tech.card5.desc": "Craft responsive interfaces, manage state, and ship performant web experiences.",
  "tech.card6.chip": "Spanish Language",
  "tech.card6.title": "Spanish Prep",
  "tech.card6.desc": "Speaking, listening, and grammar drills to build fluency for work and study.",
  "tech.card7.chip": "Pre IELTS / IELTS",
  "tech.card7.title": "IELTS",
  "tech.card7.desc": "Exam-focused preparation covering reading, writing, listening, and speaking.",
  "tech.card8.chip": "General English",
  "tech.card8.title": "English Prep",
  "tech.card8.desc": "Build everyday English for travel, work, and study with practical practice sets.",
  "tech.card9.chip": "Data Mastery",
  "tech.card9.title": "Data Mastering Bootcamp – Analytics, AI, and Automation",
  "tech.card9.desc": "Build end-to-end skills in data analysis, machine learning, and workflow automation.",
  "tech.lessonCount": "12 lessons",
  "tech.apply": "Apply",
  "scholarship.badge": "- SCHOLARSHIP",
  "scholarship.title.line1": "Make Studying Abroad More Accessible",
  "scholarship.title.line2": "Discover Scholarship Opportunities!",
  "scholarship.sub": "Explore global scholarship options for Bachelor’s, Master’s, and PhD programs.",
  "scholarship.cta": "Learn more",
  "faq.badge": "– FAQ",
  "faq.title.line1": "Frequently Asked",
  "faq.title.line2": "Questions",
  "faq.desc": "We’ve gathered the most common questions about our services, policies, and study abroad processes so you can find answers quickly.",
  "faq.cta": "Contact us",
  "faq.q1": "Are scholarships available?",
  "faq.a1": "We help you identify suitable scholarships and guide you through the application steps.",
  "faq.q2": "Can I work while studying abroad?",
  "faq.a2": "Work permissions depend on the country; we advise on rules and required permits.",
  "faq.q3": "What if I get rejected by a university?",
  "faq.a3": "We help you adjust your application, select alternatives, and reapply on time.",
  "faq.q4": "What documents are required for the application process?",
  "faq.a4": "We prepare a list for your CV, motivation letter, diploma/transcripts, and language certificates.",
  "footer.tagline": "Study Abroad and Career Center",
  "footer.services.title": "Services",
  "footer.services.item1": "Study Abroad",
  "footer.services.item2": "Language courses",
  "footer.services.item3": "Academic programs",
  "footer.visa.title": "Visa services",
  "footer.visa.item1": "Student Visa",
  "footer.visa.item2": "Tourist Visa",
  "footer.visa.item3": "Work Visa",
  "footer.contact.title": "Contact",
  "footer.contact.address": "Sharifzada 75a, Baku Azerbaijan"
}
