{
  "nav.home": "Ana səhifə",
  "nav.education": "Xaricdə Təhsil",
  "nav.academy": "Akademiya",
  "nav.contact": "Əlaqə",
  "nav.cta": "Müraciət et",
  "hero.badge.new": "Yeni",
  "hero.badge.title": "Teqaüq Proqramları",
  "hero.heading": "Xaricdə təhsil yolculuğunuza peşəkar dəstək ilə başlayın.",
  "hero.subtitle": "İxtisas seçimi, sənədləşmə və viza dəstəyi — hamısı bir mərkəzdə.",
  "hero.cta": "Müraciət et",
  "results.badge": "- NƏTİCƏLƏR",
  "results.title": "Xaricdə təhsil prosesində etibarlı nəticələr.",
  "results.desc": "Xaricdə təhsil üzrə müraciət, sənədləşmə və viza proseslərini peşəkar şəkildə idarə edərək yüzlərlə tələbənin qlobal akademik hədəflərinə çatmasına dəstək olmuşuq.",
  "results.stat1.label": "Uğurla tamamlanmış müraciətlər",
  "results.stat2.label": "Viza təsdiqi prosesində yüksək uğur dərəcəsi",
  "results.stat3.label": "Beynəlxalq akademik tərəfdaşlar",
  "results.stat4.label": "Xidmətlərimizdən yararlanmış tələbələr",
  "services.badge": "- KƏŞF ET",
  "services.title": "Xidmətlərimiz",
  "services.card1.title": "Xaricdə Təhsil",
  "services.card1.desc": "Ölkə, universitet və ixtisas seçimi üzrə peşəkar məsləhət və müraciət dəstəyi göstəririk.",
  "services.card2.title": "Peşəkar Təlim Proqramları",
  "services.card2.desc": "Beynəlxalq sertifikatlı təlimlərlə akademik və peşəkar inkişafınızı dəstəkləyirik.",
  "services.card3.title": "Viza Xidmətləri",
  "services.card3.desc": "Viza Ərizəsi, sənədlərin toplanması vƏ müsahibƏyƏ hazırlıqda tam dƏstƏk göstƏririk.",
  "services.card4.title": "Dil Kursları",
  "services.card4.desc": "Xarici dil bacarıqlarını inkişaf etdirmək üçün intensiv və effektiv tədris proqramları təklif edirik.",
  "study.badge": "- BAKALAVR / MAGISTR / PHD",
  "study.title": "Xaricdə təhsil",
  "study.tab.bachelor": "Bakalavr",
  "study.tab.master": "Magistr",
  "study.tab.phd": "PHD",
  "study.card1.title": "WSB University",
  "study.card1.desc": "Kompüter Elmləri - Hesablama sistemləri, proqramlaşdırma və informasiya emalına fokuslanan istiqamət.",
  "study.card1.location": "Polşa, Krakov",
  "study.card1.due": "Son tarix: 31 Yanvar 2026 — 23:00 CET (Yay qəbulu)",
  "study.card2.title": "Politecnico di Milano",
  "study.card2.desc": "Məlumat Elmi - Analitika, maşın öyrənməsi və böyük verilənlərin mühəndisliyi.",
  "study.card2.location": "İtaliya, Milan",
  "study.card2.due": "Son tarix: 31 Yanvar 2026 — 23:00 CET (Yay qəbulu)",
  "study.card3.title": "University of Warsaw",
  "study.card3.desc": "Tətbiqi Riyaziyyat - Kompleks sistemlər üçün modelləşdirmə, simulyasiya və optimallaşdırma.",
  "study.card3.location": "Polşa, Varşava",
  "study.card3.due": "Son tarix: 15 Fevral 2026 — 23:00 CET (Yay qəbulu)",
  "study.card4.title": "IE University",
  "study.card4.desc": "Beynəlxalq Biznes - Strategiya, innovasiya və qlobal liderlik üçün təşəbbüslər.",
  "study.card4.location": "İspaniya, Segoviya",
  "study.card4.due": "Son tarix: 28 Fevral 2026 — 18:00 CET (Yay qəbulu)",
  "study.card5.title": "Trinity College Dublin",
  "study.card5.desc": "Psixologiya - Laboratoriya və tədqiqat yönümlü insan davranışı araşdırmaları.",
  "study.card5.location": "İrlandiya, Dublin",
  "study.card5.due": "Son tarix: 10 Mart 2026 — 20:00 GMT (Yay qəbulu)",
  "study.card6.title": "University of Amsterdam",
  "study.card6.desc": "İqtisadiyyat - İqtisadi modelləşdirmə, siyasət dizaynı və davranış iqtisadiyyatı.",
  "study.card6.location": "Niderland, Amsterdam",
  "study.card6.due": "Son tarix: 15 Mart 2026 — 16:00 CET (Yay qəbulu)",
  "study.card7.title": "Vistula University",
  "study.card7.desc": "Beynəlxalq münasibətlər - Dövlətlər və beynəlxalq təşkilatlar arasındakı siyasi və diplomatik əlaqələri öyrənir.",
  "study.card7.location": "Polşa, Varşava",
  "study.card7.due": "Son tarix: 31 Yanvar 2026 — 23:00 CET (Yay qəbulu)",
  "study.card8.title": "Berlin Tech",
  "study.card8.desc": "Kiber Təhlükəsizlik - Rəqəmsal infrastrukturu müasir təhlükəsizlik mühəndisliyi və siyasəti ilə qorumaq.",
  "study.card8.location": "Almaniya, Berlin",
  "study.card8.due": "Son tarix: 31 Yanvar 2026 — 23:00 CET (Yay qəbulu)",
  "study.card9.title": "Technical University of Munich",
  "study.card9.desc": "Mühəndislik İdarəçiliyi - Texniki komandaları biznes strategiyası və texnologiya inteqrasiyası ilə idarə etmək.",
  "study.card9.location": "Almaniya, Münhen",
  "study.card9.due": "Son tarix: 5 Aprel 2026 — 18:00 CET (Yay qəbulu)",
  "study.card10.title": "University College London",
  "study.card10.desc": "İctimai Siyasət - Tədqiqat və tərəfdaşlarla əməkdaşlıqla dəlillərə əsaslanan siyasət hazırlamaq.",
  "study.card10.location": "Böyük Britaniya, London",
  "study.card10.due": "Son tarix: 10 Aprel 2026 — 17:00 GMT (Yay qəbulu)",
  "study.card11.title": "University of Glasgow",
  "study.card11.desc": "Veri Analitikası - Proqnozlaşdırma modelləri və BI ilə təşkilatları transformasiya etmək.",
  "study.card11.location": "Böyük Britaniya, Qlazqo",
  "study.card11.due": "Son tarix: 20 Aprel 2026 — 16:00 GMT (Yay qəbulu)",
  "study.card12.title": "Ghent University",
  "study.card12.desc": "Sənaye Mühəndisliyi - Davamlılığı nəzərə alaraq səmərəli sistemlər dizayn etmək.",
  "study.card12.location": "Belçika, Gent",
  "study.card12.due": "Son tarix: 25 Aprel 2026 — 18:00 CET (Yay qəbulu)",
  "study.card13.title": "Riga Nordic University",
  "study.card13.desc": "Biznes İdarəçiliyi - Maliyyə, marketinq və liderliyi əhatə edən biznes proseslərinin idarəsi.",
  "study.card13.location": "Latviya, Riqa",
  "study.card13.due": "Son tarix: 31 Yanvar 2026 — 23:00 CET (Yay qəbulu)",
  "study.card14.title": "WSB University",
  "study.card14.desc": "İdarəetmənin mühəndisliyi - Prosesləri optimallaşdırmaq üçün mühəndislik metodları və idarəetmə bacarıqları.",
  "study.card14.location": "Polşa, Krakov",
  "study.card14.due": "Son tarix: 31 Yanvar 2026 — 23:00 CET (Yay qəbulu)",
  "study.card15.title": "ETH Zurich",
  "study.card15.desc": "Kompüter Elmləri (PhD) - Miqyaslana bilən sistemlər, süni intellekt və paylanmış hesablamalar üzrə tədqiqat.",
  "study.card15.location": "İsveçrə, Zurich",
  "study.card15.due": "Son tarix: 2 May 2026 — 18:00 CET (Yay qəbulu)",
  "study.card16.title": "University of Oxford",
  "study.card16.desc": "Hüquq (PhD) - Müqayisəli, beynəlxalq və insan hüquqları qanunlarına dair dərin tədqiqat.",
  "study.card16.location": "Böyük Britaniya, Oxford",
  "study.card16.due": "Son tarix: 10 May 2026 — 18:00 GMT (Yay qəbulu)",
  "study.card17.title": "Sorbonne University",
  "study.card17.desc": "Ətraf Mühit Elmləri (PhD) - İqlim modelləşdirilməsi və davamlılıq siyasətləri araşdırmaları.",
  "study.card17.location": "Fransa, Paris",
  "study.card17.due": "Son tarix: 15 May 2026 — 18:00 CET (Yay qəbulu)",
  "study.card18.title": "McGill University",
  "study.card18.desc": "Biomühəndislik (PhD) - Robotika və biomateriallarla tibbi cihazlar inkişaf etdirmək.",
  "study.card18.location": "Kanada, Montreal",
  "study.card18.due": "Son tarix: 20 May 2026 — 18:00 EST (Yay qəbulu)",
  "study.yearly": "illik",
  "study.apply": "Müraciət et",
  "visa.badge": "– DƏSTƏK",
  "visa.title": "Viza xidmətləri",
  "visa.card1.subtitle": "Xaricdə təhsil",
  "visa.card1.title": "Tələbə Vizası",
  "visa.card1.text": "Xaricdə universitetlərə və müxtəlif təhsil proqramlarına qəbul üçün tələbə vizasının alınmasında tam dəstək göstəririk. Sənədlərin hazırlanması, müraciət formalarının doldurulması və prosesin izlənməsi peşəkar şəkildə həyata keçirilir.",
  "visa.card2.subtitle": "Səyahət və Turizm",
  "visa.card2.title": "Turistik Viza",
  "visa.card2.text": "Şengen zonasına qısa müddətli səyahətlər, təlimlər və işgüzar səfərlər üçün nəzərdə tutulan vizanın əldə edilməsində sizə tam bələdçilik edirik. Sənədlərin toplanması, sığorta, uçuş sübutları və digər tələblərin düzgün şəkildə hazırlanması təmin olunur.",
  "visa.card3.subtitle": "Xaricdə Karyera",
  "visa.card3.title": "İş Vizası",
  "visa.card3.text": "Xaricdə işləmək istəyən şəxslər üçün iş vizası müraciət prosesini addım-addım idarə edirik. İş dəvətinin təsdiqi, sənədlərin uyğunluğu, tərcümələr və müraciət izlənməsi kimi bütün mərhələlərdə peşəkar dəstək göstərilir.",
  "visa.card4.subtitle": "Ailə Birləşməsi",
  "visa.card4.title": "Ailə Birləşmə Vizası",
  "visa.card4.text": "Ailə birləşməsi məqsədi ilə xarici ölkələrə viza müraciətlərində tam hüquqi və texniki yardım təqdim edirik. Sənədlərin hazırlanması, əlaqələrin sübutu və konsulluq tələblərinə uyğunluq prosesini sizin üçün sadələşdiririk.",
  "tech.badge": "- ŞƏXSİ İNKİŞAF",
  "tech.title": "Tədris Proqramları",
  "tech.tab.tech": "İT və Texniki Bacarıqlar",
  "tech.tab.language": "Dil Kursları",
  "tech.card1.chip": "DevOps",
  "tech.card1.title": "DevOps Mühəndisliyi Kursu – CI/CD və Cloud əsasları",
  "tech.card1.desc": "Layihələrdə etibarlı yerləşdirmə üçün pipeline-lar, avtomatlaşdırma və bulud əsaslarını öyrənin.",
  "tech.card2.chip": "UI/UX Design",
  "tech.card2.title": "UX/UI Dizayn Kursu – İstifadəçi təcrübəsi və interfeys dizaynı",
  "tech.card2.desc": "Araşdırma, wireframe, prototipləmə və təhvil prosesini öyrənin.",
  "tech.card3.chip": "Q/A Assurance",
  "tech.card3.title": "QA Təlimi – Manual və avtomatlaşdırılmış testlər",
  "tech.card3.desc": "Manual, avtomatlaşdırılmış və CI inteqrasiyalı test intizamı qurun.",
  "tech.card4.chip": "Back-end Proqramlaşdırma",
  "tech.card4.title": "Back-end Proqramlaşdırma – Python/Node.js, SQL",
  "tech.card4.desc": "API dizayn edin, verilənlərlə işləyin və miqyaslana bilən servislər hazırlayın.",
  "tech.card5.chip": "Front-end Proqramlaşdırma",
  "tech.card5.title": "Front-end Proqramlaşdırma – HTML, CSS, JS, React",
  "tech.card5.desc": "Responsiv interfeyslər qurun, state idarə edin və performanslı təcrübələr təqdim edin.",
  "tech.card6.chip": "İspan Dili",
  "tech.card6.title": "İspan Dili Hazırlığı",
  "tech.card6.desc": "İş və təhsil üçün danışıq, dinləmə və qrammatika bacarıqlarını inkişaf etdirin.",
  "tech.card7.chip": "Pre IELTS / IELTS",
  "tech.card7.title": "IELTS",
  "tech.card7.desc": "Oxu, yazı, dinləmə və danışıq üzrə imtahana yönəlik hazırlıq.",
  "tech.card8.chip": "Ümumi İngilis Dili",
  "tech.card8.title": "İngilis Dili Hazırlığı",
  "tech.card8.desc": "Səyahət, iş və təhsil üçün gündəlik ingilis dilini praktik çalışmalarla inkişaf etdirin.",
  "tech.card9.chip": "Data Ustalığı",
  "tech.card9.title": "Data Mastering Bootcamp – Analitika, AI və Avtomatlaşdırma",
  "tech.card9.desc": "Məlumat analizi, maşın öyrənməsi və proses avtomatlaşdırması üzrə tam bacarıq toplusu qurun.",
  "tech.lessonCount": "12 dərs",
  "tech.apply": "Müraciət et",
  "scholarship.badge": "- TƏQAÜD",
  "scholarship.title.line1": "Xaricdə Təhsili Daha Əlçatan Et",
  "scholarship.title.line2": "Təqaüd İmkanlarını Kəşf Et!",
  "scholarship.sub": "Bakalavr, Magistr və PhD proqramları üçün qlobal təqaüd imkanlarını araşdırın.",
  "scholarship.cta": "Ətraflı",
  "faq.badge": "– FAQ",
  "faq.title.line1": "Tez–tez Verilən",
  "faq.title.line2": "Suallar",
  "faq.desc": "Xidmətlərimiz, qaydalarımız və xaricdə təhsil prosesi ilə bağlı ən çox verilən sualları topladıq ki, lazım olan məlumatı tez tapa biləsiniz.",
  "faq.cta": "Bizimlə Əlaqə",
  "faq.q1": "Təqaüdlər mövcuddurmu?",
  "faq.a1": "Uyğun təqaüdləri tapmaqda və müraciət addımlarında sizə kömək edirik.",
  "faq.q2": "Xaricdə təhsil alarkən işləyə bilərəmmi?",
  "faq.a2": "Qaydalar ölkədən asılıdır; icazələr və tələblər barədə məsləhət veririk.",
  "faq.q3": "Universitetdən imtina alsam nə etməliyəm?",
  "faq.a3": "Müraciətinizi yeniləyir, alternativlər seçir və vaxtında yenidən müraciət edirik.",
  "faq.q4": "Müraciət üçün hansı sənədlər lazımdır?",
  "faq.a4": "CV, motivasiya məktubu, attestat/transkript və dil sertifikatları siyahısını hazırlayırıq.",
  "footer.tagline": "Xaricdə Təhsil və Karyera Mərkəzi",
  "footer.services.title": "Xidmətlər",
  "footer.services.item1": "Xaricdə Təhsil",
  "footer.services.item2": "Dil kursları",
  "footer.services.item3": "Akademik proqramlar",
  "footer.visa.title": "Viza xidmətləri",
  "footer.visa.item1": "Tələbə Vizası",
  "footer.visa.item2": "Turistik Viza",
  "footer.visa.item3": "İş Vizası",
  "footer.contact.title": "Əlaqə",
  "footer.contact.address": "Şərifzadə 75a, Bakı Azərbaycan"
}
